Specific Growth Rate [d^-1],Temperature [C],pH,Glucose [mM],Lactate [mM]
0.163,37.3,6.68,32.3,7.2
0.275,36.7,7.24,16.5,22.6
0.75,38.3,7.12,27.3,5.8
0.468,37.2,6.81,14.4,12.2
0.337,35.9,6.61,9.5,12.7
0.304,37.7,7.11,18.1,20.7
0.142,39.6,7.34,8.9,0.0
0.549,38.9,6.96,9.3,11.6
0.38,35.6,7.15,8.9,22.6
0.269,34.5,6.87,0.0,11.4
0.572,35.8,7.02,16.1,0.0
0.038,37.1,6.9,2.4,18.3
0.274,32.3,7.1,13.9,18.4
0.04,36.6,6.47,29.5,12.3
0.362,34.5,7.23,9.8,3.4
0.54,35.5,6.92,9.6,7.6
0.542,35.9,7.13,28.6,11.9
0.62,36.4,6.88,20.5,6.2
0.75,37.8,7.11,24.8,0.0
0.414,39.1,6.62,11.4,7.3
0.094,36.7,7.42,22.5,14.4
0.0,39.7,6.4,8.1,9.9
0.57,35.7,6.64,8.2,14.2
0.291,37.7,7.08,21.0,15.8
0.092,38.8,7.51,9.0,24.0
0.508,37.2,7.1,22.7,37.0
0.581,35.5,6.91,38.9,22.3
0.032,35.2,6.5,0.0,1.0
0.494,36.1,6.93,7.5,0.0
0.183,37.4,6.99,26.2,14.1
0.0,35.0,7.59,13.5,15.7
0.454,36.6,7.22,26.6,3.4
0.101,36.7,6.46,4.9,17.7
0.016,38.1,7.71,18.3,7.3
0.356,37.4,6.86,13.5,19.0
0.628,37.7,6.69,16.4,11.7
0.188,35.7,7.52,18.3,19.0
0.264,36.7,6.98,2.8,0.0
0.335,38.6,6.87,4.3,10.6
0.283,40.0,7.08,29.0,13.5
0.594,34.5,7.3,17.9,0.8
0.0,40.0,7.35,16.1,33.8
0.126,39.7,6.52,14.6,9.6
0.0,38.6,7.7,18.6,28.9
0.257,37.5,7.33,3.4,8.4
0.365,36.4,6.87,5.0,12.7
0.304,39.9,6.71,28.0,26.8
0.291,40.9,6.66,16.5,18.0
0.322,40.6,7.04,23.5,16.9
0.475,39.6,6.77,8.9,17.7
0.741,37.7,6.73,28.8,1.3
0.349,34.6,7.28,18.5,11.1
0.581,37.0,7.13,19.8,5.4
0.056,38.3,6.86,20.5,17.0
0.333,34.4,7.26,7.0,9.6
0.124,37.8,7.48,0.0,14.6
0.0,37.9,6.62,4.3,14.2
0.274,38.4,6.79,31.3,14.6
0.388,34.6,7.33,28.0,14.7
0.169,35.7,7.25,11.5,8.5
0.71,36.1,7.08,12.0,4.5
0.306,34.7,7.41,25.4,8.4
0.068,40.5,6.62,13.3,25.7
0.078,36.0,6.48,2.0,18.7
0.371,37.7,6.7,27.7,20.9
0.079,36.5,7.04,19.8,28.8
0.43,40.2,6.72,0.0,3.2
0.127,39.6,6.83,11.9,20.1
0.229,38.3,6.66,16.4,4.2
0.458,32.6,6.78,19.8,11.7
0.337,37.1,6.65,16.5,19.8
0.439,38.4,7.13,8.6,31.1
0.485,39.0,7.28,13.8,7.2
0.42,35.8,6.83,17.9,14.1
0.0,40.6,6.93,12.3,26.6
0.371,34.4,6.8,11.3,0.1
0.347,35.7,7.19,27.5,18.6
0.346,38.9,7.03,5.5,11.9
0.0,37.1,7.56,11.5,6.2
0.233,41.0,6.62,0.0,16.5
0.59,37.4,7.13,20.4,20.9
0.707,35.7,7.16,23.3,5.9
0.192,36.2,6.87,20.5,18.8
0.375,34.8,7.2,24.2,16.7
0.0,34.4,6.5,19.4,2.6
0.283,38.3,7.74,18.4,30.5
0.0,38.2,6.53,19.7,25.9
0.331,39.6,7.32,12.3,6.4
0.433,35.5,6.61,26.9,9.1
0.3,40.4,7.4,11.5,22.7
0.354,36.4,6.87,0.4,10.0
0.277,40.1,7.06,23.5,0.0
0.303,36.1,7.02,33.5,25.5
0.145,35.5,7.39,5.4,15.1
0.306,37.5,6.89,14.0,34.1
0.153,39.1,6.0,8.1,18.6
0.377,37.3,6.73,11.2,16.9
0.548,35.8,7.06,15.5,40.0
0.375,34.3,6.85,2.6,13.3
0.281,34.2,7.27,12.2,5.5
0.42,38.0,7.36,0.3,17.3
0.216,39.0,6.95,9.3,26.4
0.164,36.7,6.48,3.1,3.3
0.176,34.9,7.48,4.4,5.9
0.0,38.7,7.38,0.0,19.5
0.658,34.4,6.9,27.2,0.0
0.104,35.6,7.74,20.1,4.1
0.229,38.2,6.88,0.0,23.0
0.148,32.5,6.6,9.0,9.1
0.299,37.8,6.95,8.3,0.0
0.149,35.8,7.38,8.1,34.3
0.307,37.2,6.67,0.5,0.9
0.047,36.8,7.68,22.5,9.8
0.214,37.4,6.69,11.0,11.3
0.155,38.4,7.33,19.7,15.8
0.683,35.5,7.19,20.3,11.3
0.122,39.8,6.95,28.8,14.2
0.294,38.5,7.38,0.0,15.6
0.149,38.7,6.48,32.4,14.1
0.424,39.3,7.48,27.7,15.9
0.75,38.6,6.98,20.7,0.0
0.287,38.7,6.81,38.8,19.4
0.261,37.2,7.26,17.0,1.0
0.566,34.1,7.37,23.2,0.0
0.426,36.7,7.27,7.6,28.8
0.0,35.5,7.7,26.3,2.1
0.3,34.2,7.38,16.7,16.8
0.09,37.5,7.45,10.5,7.3
0.324,35.9,6.81,36.2,8.2
0.081,34.9,7.04,12.0,19.8
0.579,34.9,7.2,15.1,4.5
0.402,37.5,6.99,13.0,18.7
0.398,37.7,7.11,7.4,18.8
0.446,39.6,7.15,20.3,26.6
0.419,37.0,7.3,22.4,11.6
0.365,39.1,6.96,18.5,25.5
0.292,39.8,6.88,0.0,32.2
0.014,39.3,6.71,25.1,30.9
0.158,32.3,6.69,11.5,20.9
0.0,39.5,7.41,2.8,19.5
0.105,37.7,6.97,21.0,40.0
0.168,37.8,7.28,20.6,37.3
0.337,37.7,6.55,4.6,7.3
0.359,37.8,6.32,39.7,24.2
0.008,37.6,6.63,2.9,21.0
0.19,36.3,7.4,0.0,15.7
0.14,33.2,7.37,3.5,16.5
0.426,36.8,7.12,29.2,19.9
0.308,35.4,6.72,13.2,24.4
0.373,39.2,6.95,11.3,17.2
0.207,36.4,6.9,14.4,18.4
0.326,37.2,6.88,9.0,28.9
0.148,35.3,6.12,8.1,18.2
0.151,36.0,6.7,8.6,20.5
0.615,37.0,6.93,22.1,24.9
0.043,34.0,7.53,25.2,31.3
0.175,37.6,7.06,4.4,27.3
0.183,36.8,7.49,17.4,18.8
0.288,34.6,6.86,22.9,17.1
0.066,32.2,6.91,4.2,2.8
0.002,38.0,6.0,10.0,17.9
0.615,36.4,7.16,4.6,4.6
0.593,35.9,7.19,2.1,4.8
0.0,36.5,7.62,16.0,21.5
0.33,40.6,6.83,7.6,14.0
0.385,36.9,7.03,21.3,19.7
0.419,37.2,6.75,14.7,8.7
0.323,34.0,6.59,19.1,27.0
0.321,40.3,6.75,12.1,16.4
0.276,38.8,6.88,8.7,26.9
0.0,39.1,7.47,14.1,21.7
0.218,37.1,7.0,15.0,16.7
0.273,38.8,6.72,7.9,10.2
0.449,37.7,7.05,19.3,15.3
0.392,38.2,7.08,22.5,23.3
0.387,36.7,6.76,16.6,22.0
0.434,34.1,7.4,32.1,3.0
0.0,39.1,6.34,8.7,25.3
0.472,33.1,6.93,20.2,12.9
0.102,36.5,7.23,10.9,23.2
0.372,36.6,6.53,17.3,8.0
0.327,34.9,7.13,6.7,21.4
0.323,38.2,7.45,26.2,7.0
0.273,36.6,7.16,16.8,16.3
0.151,36.1,6.41,26.9,12.0
0.0,38.0,6.75,2.3,12.1
0.373,36.0,7.43,10.1,9.3
0.228,39.8,7.1,6.1,13.5
0.153,37.7,7.0,9.7,0.0
0.438,36.1,7.15,8.1,23.8
0.444,33.1,7.25,13.8,24.6
0.184,34.4,6.75,14.8,10.6
0.699,39.2,6.9,14.6,1.2
0.341,36.9,7.05,9.4,8.5
0.0,36.4,6.81,16.9,24.5
0.174,40.3,6.95,23.8,21.3
0.201,34.4,7.45,6.0,12.0
0.217,35.8,6.66,15.0,24.0
0.103,36.1,7.67,14.3,4.6
0.126,38.2,7.66,19.7,8.9
0.112,35.7,6.4,14.4,19.7
0.367,35.8,6.95,14.8,14.0
0.231,33.8,7.12,5.1,9.1
0.417,38.5,6.73,15.2,0.0
0.171,38.6,6.74,5.8,21.7
0.317,36.0,6.92,20.2,18.2
0.316,37.3,7.26,14.0,0.0
0.189,34.4,6.82,15.4,21.0
0.08,36.1,7.64,6.1,14.9
0.329,39.8,7.1,23.0,17.8
0.315,37.3,6.96,21.9,24.5
0.008,41.6,7.51,23.6,7.6
0.355,35.4,7.22,37.3,22.1
0.429,38.2,7.13,14.5,21.8
0.426,36.6,6.88,27.0,22.6
0.0,38.1,7.63,13.8,31.4
0.184,37.0,7.28,18.9,21.6
0.571,35.9,6.93,18.7,9.4
0.152,35.3,6.45,17.6,33.0
0.102,42.0,7.13,21.6,3.9
0.281,36.8,6.6,12.0,10.4
0.0,33.0,6.4,15.4,5.4
0.578,35.7,6.9,20.4,14.0
0.09,38.4,7.1,32.5,25.8
0.268,36.0,7.45,6.6,28.0
0.224,39.7,7.1,0.0,19.6
0.077,39.0,7.28,10.2,8.9
0.165,36.7,6.57,15.9,9.5
0.66,36.1,6.99,16.7,9.0
0.209,35.0,7.04,15.9,24.5
0.194,35.6,7.3,26.8,5.9
0.245,34.1,7.04,24.8,23.6
0.124,39.4,7.28,14.5,14.7
0.034,40.2,6.82,10.3,16.7
0.301,34.5,7.13,11.5,30.1
0.49,34.6,7.15,11.4,10.2
0.019,33.5,6.56,12.7,31.6
0.179,35.1,7.06,0.0,0.9
0.208,30.8,6.89,10.4,6.8
0.069,34.7,6.33,10.8,0.0
0.267,39.6,7.34,13.1,7.5
0.542,36.3,6.87,12.5,20.8
0.296,38.7,6.7,21.7,22.4
0.178,36.0,6.87,9.7,18.1
0.293,40.5,7.05,10.6,17.7
0.16,37.4,7.53,20.4,3.3
0.504,36.2,6.94,12.6,1.7
0.0,42.0,7.17,17.2,18.0
0.113,36.4,7.48,21.7,28.5
0.347,34.6,7.19,19.2,11.4
0.294,37.4,7.37,17.5,2.3
0.342,36.9,6.83,13.0,0.0
0.079,39.1,7.27,21.8,8.2
0.286,35.2,6.98,16.8,30.8
0.24,38.6,7.38,10.0,12.9
0.635,38.7,6.65,13.5,4.6
0.238,35.7,6.73,2.8,8.9
0.335,37.3,7.44,5.4,10.2
0.467,35.3,6.93,0.0,17.7
0.054,41.7,6.87,8.2,8.4
0.549,35.6,7.03,28.4,6.1
0.25,36.1,6.76,9.4,13.1
0.404,34.9,7.47,22.9,19.7
0.0,36.3,6.56,15.0,22.2
0.324,37.0,6.95,8.0,20.5
0.637,38.5,7.12,28.4,10.4
0.659,35.8,6.96,20.8,0.0
0.149,36.6,6.72,0.0,7.0
0.269,34.2,6.7,25.4,17.8
0.412,35.3,7.15,4.3,1.7
0.085,42.0,6.64,13.2,17.5
0.394,39.1,7.23,21.7,9.1
0.254,35.4,6.47,12.0,9.2
0.383,34.3,6.81,26.2,26.2
0.197,35.0,7.01,22.6,17.2
0.062,37.0,6.56,0.0,28.7
0.538,37.1,7.23,10.3,5.6
0.372,35.5,6.99,17.8,26.3
0.199,34.4,6.64,9.3,24.1
0.25,39.8,6.47,12.8,0.0
0.265,37.9,6.45,23.0,14.1
0.155,36.3,7.02,18.2,30.4
0.0,36.6,6.6,5.8,22.8
0.004,35.9,6.52,16.7,10.6
0.516,31.1,6.92,8.9,12.7
0.0,37.2,7.8,2.8,2.0
0.258,34.9,7.1,3.7,17.1
0.441,35.0,7.27,17.9,0.0
0.679,35.7,7.07,14.7,4.8
0.0,38.5,7.27,15.1,26.2
0.121,34.7,6.53,3.5,14.8
0.531,34.1,6.85,13.2,11.4
0.503,38.3,7.09,4.6,13.9
0.275,38.5,6.99,5.7,40.0
0.247,35.1,6.93,13.3,25.4
0.527,38.1,6.77,1.2,7.2
0.02,36.4,6.91,21.7,31.7
0.467,37.6,6.73,39.9,14.1
0.092,34.5,6.15,19.6,22.4
0.268,38.7,6.58,4.6,9.1
0.428,39.4,7.17,12.3,5.6
0.114,38.3,7.54,0.0,23.0
0.234,38.1,7.63,11.2,7.3
0.089,30.0,7.03,20.1,7.2
0.035,37.5,7.31,20.9,24.0
0.302,36.9,7.32,4.7,3.4
0.529,36.7,6.76,18.0,0.8
0.109,35.7,6.41,26.6,20.5
0.75,37.1,7.01,32.6,0.0
0.007,37.8,6.38,8.0,7.5
0.493,36.5,6.89,6.4,11.3
0.571,36.1,7.21,15.5,1.5
0.435,39.5,6.5,0.0,3.8
0.092,34.8,7.01,9.7,21.7
0.071,39.1,7.43,12.3,17.9
0.404,37.4,7.13,10.4,5.5
0.447,35.4,7.18,0.0,20.3
0.062,36.4,7.32,12.5,30.2
